{
  "objective": 0.9169498085975647,
  "compliance_n_m": 0.1105213314294815,
  "normalized_compliance": 0.8354337811470032,
  "reference_compliance_n_m": 0.13229215145111084,
  "path_length_m": 0.7930057048797607,
  "length_ratio": 1.638999342918396,
  "min_steering_radius_m": 0.0847150906920433,
  "min_steering_radius_mm": 84.7150906920433,
  "radius_limit_mm": 50.0,
  "peak_thickness": 0.1335894912481308,
  "mean_thickness": 0.009272108785808086,
  "thickness_std": 0.025217819958925247,
  "thickness_limit": 1.2,
  "minimum_keepout_clearance_uv": 1000.0,
  "thickness_scale": 1.9632469415664673,
  "maximum_displacement_m": 0.0002628604124765843,
  "maximum_displacement_mm": 0.2628604124765843,
  "mean_loaded_edge_displacement_m": 0.00017077353550121188,
  "mean_loaded_edge_displacement_mm": 0.17077353550121188,
  "maximum_von_mises_pa": 4859937.0,
  "maximum_von_mises_mpa": 4.8599369999999995,
  "solver_residual_norm": 0.005644559394568205,
  "finite_element_mesh": {
    "generator": "gmsh",
    "element_type": "tri3",
    "nodes": 271,
    "elements": 482,
    "target_size_mm": 45.0,
    "refined_size_mm": 18.0
  },
  "manufacturable": true,
  "placement_speed_mps": 0.5,
  "estimated_cycle_time_s": 1.5860114604252444,
  "estimated_cycle_time_min": 0.02643352434042074,
  "estimated_material_weight_kg": 0.001245492859587691,
  "estimated_material_weight_g": 1.2454928595876908,
  "toolpath_points": 160,
  "mean_routing_effort": 0.37168295488826175,
  "peak_routing_effort": 0.6434205891625873
}