{
  "objective": 0.9169501066207886,
  "compliance_n_m": 0.11052138358354568,
  "normalized_compliance": 0.8354341983795166,
  "reference_compliance_n_m": 0.13229215145111084,
  "path_length_m": 0.7930051684379578,
  "length_ratio": 1.63899827003479,
  "min_steering_radius_m": 0.08471228927373886,
  "min_steering_radius_mm": 84.71228927373886,
  "radius_limit_mm": 50.0,
  "peak_thickness": 0.13358983397483826,
  "mean_thickness": 0.009272108785808086,
  "thickness_std": 0.025217827409505844,
  "thickness_limit": 1.2,
  "minimum_keepout_clearance_uv": 1000.0,
  "thickness_scale": 1.9632469415664673,
  "maximum_displacement_m": 0.00026285648345947266,
  "maximum_displacement_mm": 0.26285648345947266,
  "mean_loaded_edge_displacement_m": 0.00017077363736461848,
  "mean_loaded_edge_displacement_mm": 0.17077363736461848,
  "maximum_von_mises_pa": 4860051.0,
  "maximum_von_mises_mpa": 4.8600509999999995,
  "solver_residual_norm": 0.005207275040447712,
  "finite_element_mesh": {
    "generator": "gmsh",
    "element_type": "tri3",
    "nodes": 271,
    "elements": 482,
    "target_size_mm": 45.0,
    "refined_size_mm": 18.0
  },
  "manufacturable": true,
  "placement_speed_mps": 0.5,
  "estimated_cycle_time_s": 1.5860102478448226,
  "estimated_cycle_time_min": 0.02643350413074704,
  "estimated_material_weight_kg": 0.0012454919073497691,
  "estimated_material_weight_g": 1.2454919073497692,
  "toolpath_points": 160
}