{
  "objective": 0.9197783470153809,
  "compliance_n_m": 0.11302896589040756,
  "normalized_compliance": 0.8548715710639954,
  "reference_compliance_n_m": 0.13221748173236847,
  "path_length_m": 0.7428046464920044,
  "length_ratio": 1.5352427959442139,
  "min_steering_radius_m": 0.08777695149183273,
  "min_steering_radius_mm": 87.77695149183273,
  "radius_limit_mm": 50.0,
  "peak_thickness": 0.1314496099948883,
  "mean_thickness": 0.009259117767214775,
  "thickness_std": 0.02576889656484127,
  "thickness_limit": 1.2,
  "minimum_keepout_clearance_uv": 1000.0,
  "thickness_scale": 1.9604945182800293,
  "maximum_displacement_m": 0.00024987253709696233,
  "maximum_displacement_mm": 0.24987253709696233,
  "mean_loaded_edge_displacement_m": 0.00017464729899074882,
  "mean_loaded_edge_displacement_mm": 0.17464729899074882,
  "maximum_von_mises_pa": 3638777.5,
  "maximum_von_mises_mpa": 3.6387774999999998,
  "solver_residual_norm": 0.0016873783897608519,
  "finite_element_mesh": [
    12,
    8
  ],
  "manufacturable": true,
  "placement_speed_mps": 0.5,
  "estimated_cycle_time_s": 1.4856093386988602,
  "estimated_cycle_time_min": 0.024760155644981005,
  "estimated_material_weight_kg": 0.001165011585929894,
  "estimated_material_weight_g": 1.1650115859298942,
  "toolpath_points": 160
}