{
  "objective": 0.7457157373428345,
  "compliance_n_m": 0.08385095000267029,
  "normalized_compliance": 0.6719310879707336,
  "reference_compliance_n_m": 0.12479099631309509,
  "path_length_m": 0.5879217386245728,
  "length_ratio": 1.0971646308898926,
  "min_steering_radius_m": 0.10620775818824768,
  "min_steering_radius_mm": 106.20775818824768,
  "radius_limit_mm": 50.0,
  "peak_thickness": 0.1551331877708435,
  "mean_thickness": 0.009904232807457447,
  "thickness_std": 0.027804039418697357,
  "thickness_limit": 1.2,
  "minimum_keepout_clearance_uv": 0.06965705752372742,
  "thickness_scale": 1.9710969924926758,
  "maximum_displacement_m": 0.0003451420634519309,
  "maximum_displacement_mm": 0.3451420634519309,
  "mean_loaded_edge_displacement_m": 0.0001689698256086558,
  "mean_loaded_edge_displacement_mm": 0.1689698256086558,
  "maximum_von_mises_pa": 11093732.0,
  "maximum_von_mises_mpa": 11.093732,
  "solver_residual_norm": 0.004427931737154722,
  "finite_element_mesh": {
    "generator": "gmsh",
    "element_type": "tri3",
    "nodes": 216,
    "elements": 364,
    "target_size_mm": 45.0,
    "refined_size_mm": 18.0
  },
  "manufacturable": true,
  "placement_speed_mps": 0.5,
  "estimated_cycle_time_s": 1.1758435220912788,
  "estimated_cycle_time_min": 0.01959739203485465,
  "estimated_material_weight_kg": 0.000927080652014446,
  "estimated_material_weight_g": 0.927080652014446,
  "toolpath_points": 160,
  "mean_routing_effort": 0.14801909069756145,
  "peak_routing_effort": 0.34625581400188615
}