{
  "objective": 0.7990618944168091,
  "compliance_n_m": 0.0934462919831276,
  "normalized_compliance": 0.7285293936729431,
  "reference_compliance_n_m": 0.12826701998710632,
  "path_length_m": 0.6088173389434814,
  "length_ratio": 1.1361594200134277,
  "min_steering_radius_m": 0.18504925072193146,
  "min_steering_radius_mm": 185.04925072193146,
  "radius_limit_mm": 50.0,
  "peak_thickness": 0.13826118409633636,
  "mean_thickness": 0.009905445389449596,
  "thickness_std": 0.026498496532440186,
  "thickness_limit": 1.2,
  "minimum_keepout_clearance_uv": 0.16880331933498383,
  "thickness_scale": 1.9699318408966064,
  "maximum_displacement_m": 0.0002890337782446295,
  "maximum_displacement_mm": 0.2890337782446295,
  "mean_loaded_edge_displacement_m": 0.000186300472705625,
  "mean_loaded_edge_displacement_mm": 0.186300472705625,
  "maximum_von_mises_pa": 5244876.0,
  "maximum_von_mises_mpa": 5.244876,
  "solver_residual_norm": 0.001540972851216793,
  "finite_element_mesh": [
    12,
    8
  ],
  "manufacturable": true,
  "placement_speed_mps": 0.5,
  "estimated_cycle_time_s": 1.217634744518979,
  "estimated_cycle_time_min": 0.02029391240864965,
  "estimated_material_weight_kg": 0.0009594629815239766,
  "estimated_material_weight_g": 0.9594629815239766,
  "toolpath_points": 160
}